tradeRef,instrumentId,counterpartyId,quantity,price,currency,side,tradeDate
FXT-03356886-4506,4,4,1396.24,86.48,USD,BUY,2026-06-01
SPT-04265799-0488,2,4,2327.38,483.6,EUR,BUY,2026-06-16
SPT-29587039-7359,10,5,4049057.98,85.195,EUR,BUY,2026-06-28
SPT-45667651-4552,3,4,9572.17,272.59,EUR,BUY,2026-04-08
FXT-48181396-5635,10,5,4037570.08,106.892,EUR,BUY,2026-04-07
FXT-74093639-4803,14,10,8854632.03,58.30846,JPY,BUY,2026-06-30
FXT-06150444-3733,13,5,9852229.99,136.95211,USD,BUY,2026-04-08
OTC-60855700-5977,3,6,3553.35,537.79,EUR,BUY,2026-06-05
EQT-71691040-4010,3,8,3795.17,791.67,EUR,BUY,2026-06-25
SWP-07507864-3752,14,1,8050652.96,64.60555,JPY,BUY,2026-02-24
SWP-28538251-8179,7,8,1429.57,116.01,GBP,SELL,2026-05-30
SPT-78320463-6543,6,4,9973.26,114.97,USD,SELL,2026-01-24
TRD-14716857-2504,11,3,3962476.03,97.6648,USD,BUY,2026-04-09
SPT-79978790-7668,9,5,9710.81,689.32,CAD,BUY,2026-06-24
FXT-91497616-8797,13,5,7686218.73,54.88995,USD,SELL,2026-04-22
EQT-60897765-0053,12,5,4859721.61,107.8589,GBP,BUY,2026-06-10
OTC-85758349-8317,10,4,772667.95,107.8753,EUR,BUY,2026-06-03
SWP-65579548-0319,2,6,8787.34,666.17,EUR,SELL,2026-03-03
TRD-32329237-9295,2,2,7319.34,653.74,EUR,BUY,2026-02-02
DER-73793389-2705,5,9,8724.46,341.39,USD,BUY,2026-05-19
FIX-95690391-5107,7,6,4381.56,416.47,GBP,BUY,2026-03-05
FIX-08593410-5539,1,10,5539.66,472.81,EUR,BUY,2026-01-19
TRD-30728046-1104,15,1,8596494.37,11.98758,USD,BUY,2026-03-13
DER-28754377-8834,3,10,5762.54,198.18,EUR,SELL,2026-04-15
FIX-12660194-1588,11,7,1777944.86,97.3331,USD,BUY,2026-06-22
FXT-08135295-6596,12,6,4004956.63,88.2781,GBP,BUY,2026-02-18
DER-18814949-6912,3,5,4626.82,700.22,EUR,BUY,2026-04-24
FXT-06789850-8856,14,1,9689993.58,148.27026,JPY,BUY,2026-02-12
SPT-65181648-7886,4,7,9024.53,135.89,USD,BUY,2026-04-10
OTC-61070189-4673,7,9,6619.05,391.9,GBP,BUY,2026-03-17
FIX-07849494-9489,12,9,314178.28,94.4081,GBP,BUY,2026-05-30
DER-67491435-8701,3,1,9607.83,68.69,EUR,BUY,2026-01-18
FXT-90625494-3853,7,2,9416.02,457.89,GBP,BUY,2026-06-08
FXT-56267415-9562,10,9,1588685.53,92.823,EUR,SELL,2026-03-03
OTC-53121477-2144,11,5,2291550.62,112.8705,USD,BUY,2026-01-03
DER-83370583-9224,2,2,5376.81,407.18,EUR,BUY,2026-03-31
FXT-32787299-6054,5,3,4382.41,436.86,USD,SELL,2026-06-06
TRD-89639081-9086,5,2,9389.36,111.76,USD,BUY,2026-01-28
EQT-36553958-4616,10,4,3590884.81,91.1079,EUR,SELL,2026-05-10
DER-33704923-0832,2,7,8293.65,40.05,EUR,SELL,2026-02-03
OTC-21687165-7239,9,7,5609.51,93.94,CAD,BUY,2026-05-20
TRD-49555330-9543,9,3,4298.44,38.25,CAD,SELL,2026-01-11
SWP-28195995-4088,11,2,1774856.39,101.7965,USD,SELL,2026-06-08
EQT-31774346-2662,13,3,8814280.63,4.64847,USD,SELL,2026-04-16
FIX-35810056-2608,13,2,3826034.68,6.86883,USD,SELL,2026-02-26
FIX-61780854-5728,5,4,2230.01,529.73,USD,SELL,2026-03-26
OTC-09317495-4573,6,9,3997.38,785.01,USD,SELL,2026-01-08
FXT-35059710-2925,10,5,200903.41,102.8971,EUR,SELL,2026-03-22
SPT-81363974-8379,2,7,8995.15,156.11,EUR,BUY,2026-04-22
TRD-69782527-8821,11,4,1827465.14,87.0992,USD,SELL,2026-06-09
SWP-89038359-2041,12,5,2540541.3,105.0068,GBP,SELL,2026-04-14
OTC-74411983-2085,4,7,6649.63,306.42,USD,BUY,2026-06-07
OTC-54502486-8977,14,1,3039445.62,34.1821,JPY,SELL,2026-04-30
DER-59345683-3501,9,8,7937.56,768.07,CAD,BUY,2026-06-18
FXT-38089166-8445,11,10,1682589.39,109.5527,USD,BUY,2026-06-22
OTC-30150759-3262,3,1,463.09,787.23,EUR,BUY,2026-04-27
SPT-84525678-9431,4,7,4944.28,198.97,USD,BUY,2026-01-28
SPT-29372360-2881,13,9,4646034.3,89.49474,USD,BUY,2026-04-27
EQT-62363359-8702,9,10,3173.66,605.42,CAD,SELL,2026-06-06
SPT-73534128-7305,15,3,7436810.77,76.31564,USD,SELL,2026-03-05
OTC-69967676-7939,11,4,1380241.26,87.3245,USD,SELL,2026-03-02
OTC-45076693-5238,15,9,806696.0,24.72732,USD,SELL,2026-06-27
EQT-94813972-3505,2,7,4076.59,436.38,EUR,SELL,2026-01-16
FIX-56390708-6381,15,10,9460674.27,3.81144,USD,SELL,2026-05-03
TRD-47212267-4892,13,7,8534626.06,152.58145,USD,SELL,2026-05-18
FIX-65529051-3595,5,7,4856.93,314.14,USD,SELL,2026-02-12
DER-17129912-8751,1,7,5919.34,532.08,EUR,BUY,2026-06-14
SPT-18213276-7564,3,1,2602.3,265.25,EUR,SELL,2026-03-25
SWP-50885459-4558,13,7,2523463.05,13.74766,USD,BUY,2026-05-19
TRD-46970882-3673,11,2,3908352.92,104.5526,USD,BUY,2026-03-05
FIX-02735359-2496,4,3,4736.14,95.94,USD,BUY,2026-04-30
OTC-49512272-2749,10,10,4819036.37,106.5507,EUR,BUY,2026-03-21
FXT-77669750-0420,15,5,5758391.49,145.34857,USD,SELL,2026-04-12
FIX-10200074-9700,12,4,518487.51,108.1744,GBP,BUY,2026-05-25
TRD-46600900-8728,7,6,690.5,519.8,GBP,BUY,2026-04-18
DER-14165187-7102,6,8,7073.38,351.21,USD,SELL,2026-06-07
DER-62394301-7136,14,10,2684686.98,136.37791,JPY,BUY,2026-03-13
DER-32730796-7613,10,10,3344260.47,95.0919,EUR,SELL,2026-03-25
EQT-65437844-3475,6,5,3404.05,704.85,USD,SELL,2026-05-23
TRD-69340535-3130,2,4,7201.03,393.42,EUR,BUY,2026-06-26
DER-86691619-8041,8,1,931.44,181.17,GBP,BUY,2026-03-20
SWP-63519947-9068,9,6,4255.61,598.02,CAD,SELL,2026-04-01
DER-36361787-5023,5,4,1207.44,158.1,USD,BUY,2026-05-18
EQT-25708194-3545,12,8,1389733.14,102.6876,GBP,SELL,2026-01-26
FIX-39761527-3727,6,3,3023.37,567.87,USD,BUY,2026-03-12
TRD-07318358-9066,5,3,6379.06,603.47,USD,BUY,2026-01-04
OTC-63001391-7843,8,6,1844.45,45.84,GBP,SELL,2026-01-30
FXT-53782042-8056,2,10,6294.83,47.62,EUR,BUY,2026-05-25
OTC-11432787-4066,2,9,7644.67,487.02,EUR,BUY,2026-05-14
SPT-60467027-7253,5,10,9900.32,247.78,USD,BUY,2026-06-06
FXT-27888820-3457,5,2,1571.41,143.18,USD,BUY,2026-02-10
TRD-54830300-7381,12,10,2354863.27,85.9792,GBP,SELL,2026-06-30
OTC-94353392-7438,2,4,9239.19,631.32,EUR,BUY,2026-04-19
FXT-73089925-3683,11,3,4542973.11,109.7989,USD,BUY,2026-01-16
EQT-41286958-9749,12,10,4606750.72,98.1746,GBP,SELL,2026-06-26
OTC-93916665-6594,5,9,5400.28,353.02,USD,BUY,2026-04-21
SWP-81029073-4102,1,2,2290.02,541.07,EUR,BUY,2026-06-22
OTC-77342561-0659,13,3,4705537.73,104.48546,USD,SELL,2026-02-16
SPT-85199362-8056,2,8,3480.26,269.98,EUR,BUY,2026-02-11
SWP-55250068-8117,5,7,8135.85,442.33,USD,SELL,2026-01-23
SWP-33876400-5296,2,7,8649.24,660.82,EUR,BUY,2026-06-18
DER-55465150-0888,4,9,3618.43,606.37,USD,SELL,2026-01-14
FIX-35843681-8998,3,5,4381.72,560.11,EUR,BUY,2026-01-08
FIX-95265438-2594,5,9,137.73,329.35,USD,BUY,2026-01-30
DER-15766039-2522,8,5,5089.21,222.37,GBP,SELL,2026-05-01
FIX-61308842-9031,3,7,1906.91,481.51,EUR,BUY,2026-01-18
OTC-55692629-5568,15,9,2672459.46,1.10865,USD,SELL,2026-05-31
DER-19944139-7316,9,8,3451.89,443.77,CAD,SELL,2026-04-27
SWP-25320492-3912,10,7,1175476.61,108.2663,EUR,BUY,2026-03-23
DER-94654083-6246,7,3,4953.79,34.43,GBP,SELL,2026-01-26
DER-13383077-8617,15,8,154460.63,23.66396,USD,BUY,2026-01-20
DER-35570755-5546,10,7,3252684.9,110.553,EUR,SELL,2026-03-23
DER-72613940-0588,10,2,1181503.51,105.532,EUR,SELL,2026-02-28
FXT-58246664-1612,13,2,4437341.84,111.25439,USD,BUY,2026-01-12
SWP-07532195-4806,6,6,4307.44,199.14,USD,SELL,2026-05-25
EQT-22814819-2868,2,10,8708.53,497.67,EUR,BUY,2026-05-08
EQT-31163805-7555,11,5,2303256.79,105.0052,USD,SELL,2026-03-15
EQT-09913576-7237,6,10,2992.24,769.81,USD,SELL,2026-04-27
OTC-26738452-6302,14,8,1067426.02,61.45133,JPY,SELL,2026-05-28
OTC-93855649-4837,1,7,2745.53,454.91,EUR,BUY,2026-06-05
DER-38412328-3770,10,6,1102832.65,90.704,EUR,SELL,2026-06-23
EQT-84322033-1591,15,1,3090019.91,70.92313,USD,SELL,2026-02-03
FXT-39609054-5352,12,7,886443.95,88.9648,GBP,SELL,2026-05-16
OTC-22084778-4210,15,8,9673873.38,47.71603,USD,SELL,2026-01-30
DER-10106509-2306,13,4,8601545.83,116.06772,USD,SELL,2026-05-23
SWP-12120246-6464,1,5,5366.19,366.55,EUR,SELL,2026-05-30
SPT-85704631-6086,2,4,4715.3,497.54,EUR,SELL,2026-06-06
FIX-86926431-1035,11,8,4547844.32,94.0657,USD,SELL,2026-01-30
EQT-06086345-0609,5,8,1162.09,191.67,USD,BUY,2026-04-10
DER-49796322-8850,7,10,7422.95,127.85,GBP,SELL,2026-06-17
FXT-65679047-6686,5,1,6903.12,177.73,USD,SELL,2026-03-02
SWP-13335151-6018,9,6,606.44,224.33,CAD,BUY,2026-04-27
FXT-88955314-3475,11,10,4855755.63,86.5174,USD,SELL,2026-03-04
EQT-75776373-3362,2,9,2072.37,176.68,EUR,BUY,2026-03-26
EQT-79991301-0046,5,3,9875.29,434.47,USD,BUY,2026-01-29
TRD-17690330-0243,6,4,5888.94,17.55,USD,SELL,2026-01-14
EQT-99551712-6897,9,2,7456.91,383.62,CAD,SELL,2026-05-12
FXT-60667140-8254,4,10,434.61,627.67,USD,SELL,2026-04-28
TRD-08163847-7847,14,7,4263309.92,17.89832,JPY,SELL,2026-01-19
FXT-43233116-9966,3,2,1262.79,501.33,EUR,SELL,2026-04-08
OTC-60896652-8282,10,7,504900.52,106.0534,EUR,BUY,2026-04-21
DER-30667888-6779,6,8,3987.9,585.04,USD,SELL,2026-04-20
SWP-89269266-4176,6,3,6868.52,382.04,USD,BUY,2026-01-22
FXT-57965485-1582,12,6,4060728.73,101.6911,GBP,SELL,2026-06-21
FXT-55137801-5793,14,7,8681053.4,115.56497,JPY,SELL,2026-06-03
OTC-47197152-1697,10,9,1071566.64,104.7021,EUR,BUY,2026-01-28
SWP-74660688-6022,2,5,5741.43,646.74,EUR,BUY,2026-06-05
OTC-03886030-2955,5,5,9215.45,284.06,USD,BUY,2026-02-06
SPT-09339597-2324,12,1,467870.84,100.9145,GBP,SELL,2026-04-18
DER-45754284-2578,6,5,7216.24,622.58,USD,BUY,2026-01-14
EQT-21127198-0815,11,2,1367793.19,104.8582,USD,SELL,2026-06-05
DER-55590800-4475,4,9,1139.06,346.78,USD,SELL,2026-06-23
DER-70723898-5053,1,4,3953.24,481.46,EUR,BUY,2026-02-22
OTC-28351344-2248,13,5,2895181.87,19.81351,USD,SELL,2026-04-21
EQT-17339011-6229,9,4,5003.12,667.52,CAD,SELL,2026-01-19
SPT-99595101-0693,7,1,4598.08,66.9,GBP,SELL,2026-05-28
SPT-76960402-6626,12,7,1454680.88,97.151,GBP,SELL,2026-02-13
DER-92557892-5928,2,7,8445.0,198.44,EUR,SELL,2026-05-15
FXT-53118906-5083,12,6,1115644.57,108.3735,GBP,BUY,2026-05-11
FXT-71216573-8355,4,6,3511.65,766.79,USD,BUY,2026-03-02
FXT-19655410-4193,4,3,6024.39,609.37,USD,BUY,2026-02-15
DER-62270726-9236,13,10,4489603.66,147.91777,USD,SELL,2026-06-10
SWP-20261159-7205,2,8,4422.64,245.74,EUR,SELL,2026-06-01
TRD-47236885-8312,2,5,4617.96,34.9,EUR,SELL,2026-03-15
FXT-86525668-1479,10,10,2540268.41,98.8813,EUR,BUY,2026-04-26
FIX-43154591-9912,8,9,1509.46,54.19,GBP,BUY,2026-03-29
FXT-67719420-2827,1,4,7076.51,792.83,EUR,BUY,2026-04-04
SWP-37969333-6347,7,6,6789.3,46.63,GBP,SELL,2026-01-17
SWP-12684373-9141,11,7,1427893.4,106.712,USD,BUY,2026-03-27
FXT-78213973-2317,15,6,3103007.14,105.20952,USD,SELL,2026-02-03
FXT-41551377-9157,7,6,8132.03,537.74,GBP,BUY,2026-06-15
SPT-68248169-5928,1,6,3089.35,761.18,EUR,SELL,2026-05-05
FIX-30406092-2253,3,2,2958.63,631.56,EUR,BUY,2026-06-19
SWP-82950779-2147,10,7,779721.28,90.4254,EUR,BUY,2026-04-23
TRD-55144509-5968,11,4,4848247.13,103.3179,USD,SELL,2026-03-01
FIX-41536077-7684,15,4,3679041.74,151.57784,USD,SELL,2026-04-29
OTC-51254050-8239,9,7,9662.72,654.43,CAD,BUY,2026-03-06
TRD-86057593-7873,14,6,5545852.91,17.04254,JPY,BUY,2026-03-14
FXT-21516757-4469,8,9,1474.34,352.79,GBP,BUY,2026-04-26
SWP-03579612-6797,1,7,5020.57,192.44,EUR,BUY,2026-04-06
FIX-03783268-5221,15,2,8391923.7,104.23874,USD,BUY,2026-02-05
TRD-38504300-7740,12,3,3796617.36,99.0733,GBP,BUY,2026-01-21
TRD-34349528-3533,14,3,5488493.65,116.5485,JPY,SELL,2026-01-29
OTC-31895531-4934,2,1,2385.16,512.97,EUR,SELL,2026-01-17
FXT-67085942-9776,9,1,6319.92,462.16,CAD,BUY,2026-03-16
SPT-00209961-5780,4,10,4166.26,533.18,USD,BUY,2026-05-15
SWP-09083764-8618,9,9,7864.34,408.56,CAD,BUY,2026-04-10
DER-05843091-6338,6,5,7473.42,288.89,USD,BUY,2026-03-30
FIX-98373678-1698,13,10,7352134.66,53.67021,USD,BUY,2026-04-01
SWP-86274567-2868,14,8,9808211.04,76.93002,JPY,BUY,2026-02-04
FXT-96105940-7498,1,5,2016.71,633.93,EUR,BUY,2026-03-22
OTC-69173614-6524,14,9,4734524.28,6.53369,JPY,BUY,2026-03-15
SWP-06416148-5438,5,2,7993.62,352.38,USD,SELL,2026-04-23
SPT-45504725-3060,8,8,3674.1,638.85,GBP,SELL,2026-01-22
SPT-10593403-7055,10,3,2731917.24,94.6363,EUR,BUY,2026-03-25
OTC-41137177-7305,10,7,841557.41,98.3173,EUR,SELL,2026-01-11
SWP-82523968-7126,5,1,751.34,511.82,USD,SELL,2026-05-12
EQT-04179623-2339,14,10,6781210.63,70.50093,JPY,BUY,2026-01-18
FIX-86592295-6001,6,7,9494.72,30.75,USD,BUY,2026-06-23
DER-49790013-6095,8,2,5739.64,425.92,GBP,SELL,2026-03-22
OTC-33502308-1858,1,3,4990.94,312.65,EUR,BUY,2026-03-09
OTC-94494355-7311,4,10,2856.48,733.6,USD,SELL,2026-02-21
FXT-18217159-1213,8,3,8986.89,358.86,GBP,BUY,2026-06-24
SWP-89635939-5692,12,2,2754485.77,93.7109,GBP,SELL,2026-02-10
EQT-48518659-8335,4,2,9851.34,634.69,USD,BUY,2026-05-07
TRD-48438711-9077,10,6,2342355.14,114.4904,EUR,BUY,2026-06-06
FXT-08824561-5067,7,8,5257.43,616.49,GBP,BUY,2026-02-02
SWP-86213226-1215,8,8,6801.41,278.89,GBP,BUY,2026-02-03
SPT-67493234-0907,14,2,5181503.23,49.14704,JPY,BUY,2026-03-24
FIX-46442431-8501,15,5,8459491.13,40.62143,USD,SELL,2026-02-02
OTC-82467167-8740,2,9,6410.23,475.49,EUR,BUY,2026-02-13
SWP-75647532-0674,14,1,813147.33,151.80351,JPY,SELL,2026-06-16
FIX-76790955-6825,10,1,2495209.92,103.8149,EUR,SELL,2026-06-14
OTC-64819756-4012,13,7,2975041.28,12.3246,USD,BUY,2026-02-10
DER-55783806-7933,8,4,3402.59,119.22,GBP,SELL,2026-03-30
SPT-17551135-6070,9,9,1062.73,197.18,CAD,BUY,2026-03-10
DER-33275109-2308,2,1,2902.83,310.4,EUR,SELL,2026-03-05
EQT-43947691-9464,12,6,957272.17,89.7803,GBP,SELL,2026-05-08
OTC-66755908-0379,2,7,5054.94,773.52,EUR,BUY,2026-05-30
SWP-06530784-0828,5,8,5975.59,675.07,USD,SELL,2026-03-15
TRD-14428014-7060,3,5,7275.35,612.27,EUR,SELL,2026-01-12
SPT-06866268-9343,9,4,3625.88,234.44,CAD,SELL,2026-05-10
DER-73800569-4582,14,10,6804306.0,19.6266,JPY,BUY,2026-04-11
SWP-45511258-9139,6,3,1991.38,409.75,USD,BUY,2026-01-12
TRD-18392710-5456,13,8,5193807.77,24.42625,USD,BUY,2026-03-25
SWP-21810655-6438,10,5,2972686.03,100.2194,EUR,SELL,2026-05-25
OTC-63739005-0272,6,6,6738.39,784.02,USD,SELL,2026-06-26
TRD-80115852-7775,5,10,5776.77,578.51,USD,SELL,2026-02-13
SPT-19834119-3968,1,10,9482.1,92.37,EUR,BUY,2026-04-23
SWP-56207740-2481,7,4,4104.36,621.1,GBP,SELL,2026-01-16
EQT-69616482-3397,9,6,9981.23,385.3,CAD,SELL,2026-03-22
EQT-61694994-8734,6,9,3543.52,618.73,USD,SELL,2026-06-06
DER-25805259-4038,5,9,2985.69,753.48,USD,SELL,2026-03-15
FIX-92642432-8011,6,8,3488.68,747.29,USD,SELL,2026-03-15
FXT-76970753-8899,7,7,8183.96,763.91,GBP,BUY,2026-03-16
TRD-38605090-1294,6,8,6560.06,599.13,USD,BUY,2026-02-21
OTC-75432781-4450,3,2,6157.15,471.53,EUR,BUY,2026-01-13
FIX-85623471-3814,1,2,4133.6,575.3,EUR,BUY,2026-06-24
EQT-00695441-9016,15,3,4069667.61,149.65061,USD,SELL,2026-05-03
FIX-38553376-5262,5,1,9079.46,76.12,USD,BUY,2026-05-17
TRD-23496796-6846,15,3,9339292.18,6.48894,USD,SELL,2026-05-07
EQT-38851599-0613,1,5,5680.05,90.3,EUR,SELL,2026-03-14
DER-86075494-8901,9,8,8892.71,111.69,CAD,SELL,2026-03-11
FIX-15119192-5417,3,8,6483.21,576.29,EUR,BUY,2026-03-28
OTC-76206305-3164,3,10,8561.61,718.15,EUR,SELL,2026-05-12
SWP-11641746-6567,11,2,932058.19,89.2184,USD,SELL,2026-03-05
TRD-35002007-6284,4,8,7537.81,763.46,USD,SELL,2026-05-30
TRD-35105069-5890,12,4,320000.42,88.5467,GBP,SELL,2026-02-10
SPT-92083242-8233,15,5,6903213.48,102.44671,USD,SELL,2026-04-05
FIX-29410942-2188,8,3,4550.33,791.13,GBP,SELL,2026-04-17
DER-72144402-3578,13,4,6803738.86,95.61324,USD,BUY,2026-05-15
DER-70890196-5927,2,10,1122.98,663.88,EUR,BUY,2026-05-27
EQT-22083803-5375,14,9,4418963.69,109.07103,JPY,SELL,2026-01-24
DER-07467311-7429,3,9,4154.83,453.31,EUR,SELL,2026-06-22
OTC-97077009-0356,7,5,8164.72,597.91,GBP,BUY,2026-01-12
SPT-46241881-1044,9,1,9345.89,59.87,CAD,SELL,2026-01-09
OTC-54877191-2948,13,3,7658511.0,156.54849,USD,SELL,2026-04-06
SPT-60201634-6184,7,2,6827.62,531.13,GBP,BUY,2026-06-17
SWP-15922674-2924,9,7,5288.9,583.65,CAD,BUY,2026-01-01
TRD-40045602-7585,11,9,2126398.87,96.3783,USD,BUY,2026-03-05
DER-46460773-2541,5,4,9374.17,581.39,USD,BUY,2026-01-09
SPT-82533595-0256,4,4,673.84,477.19,USD,SELL,2026-06-03
TRD-32847661-0724,7,8,2344.16,177.73,GBP,BUY,2026-02-05
OTC-31428626-9438,6,10,5979.58,539.66,USD,SELL,2026-03-02
OTC-19228089-8540,4,7,3005.71,53.46,USD,BUY,2026-06-10
SPT-74605013-8120,1,6,9415.92,538.72,EUR,SELL,2026-06-28
SPT-54795619-2444,5,7,1839.61,432.65,USD,BUY,2026-02-27
OTC-94969350-2365,13,8,9147497.0,90.28808,USD,SELL,2026-05-23
EQT-52132722-3978,5,4,3303.3,67.86,USD,SELL,2026-04-05
FXT-71891784-3120,1,5,3772.3,485.95,EUR,BUY,2026-01-19
FIX-78864147-9156,4,8,2089.68,726.09,USD,SELL,2026-01-04
FIX-25504548-1922,12,8,4573062.07,105.8688,GBP,BUY,2026-04-12
FIX-74098828-5269,13,5,3807236.78,85.71047,USD,SELL,2026-03-20
OTC-48270683-8401,15,8,4660574.66,128.58869,USD,SELL,2026-03-23
FIX-49755172-5126,7,1,5625.68,180.91,GBP,BUY,2026-01-05
OTC-74264220-9568,10,7,1483009.51,90.8858,EUR,BUY,2026-04-08
FIX-67015110-9021,11,6,1294060.52,109.6478,USD,SELL,2026-04-28
EQT-98351024-5770,3,3,7203.41,393.21,EUR,BUY,2026-05-15
TRD-09976458-0794,13,1,4124509.83,134.91737,USD,BUY,2026-01-18
EQT-01226946-3583,9,8,3732.63,496.18,CAD,SELL,2026-06-18
DER-02111482-0108,9,9,4113.97,18.3,CAD,SELL,2026-05-18
OTC-02300840-8228,14,7,8061870.82,145.6269,JPY,BUY,2026-01-25
EQT-32342289-3144,10,9,1269566.8,95.6332,EUR,SELL,2026-01-21
SWP-54496076-7520,10,4,4951262.83,91.7757,EUR,BUY,2026-06-17
TRD-12549425-6640,7,7,5527.46,49.61,GBP,BUY,2026-06-29
EQT-11097943-8189,14,7,6449427.51,53.47141,JPY,BUY,2026-05-16
TRD-30838737-3463,15,10,4755527.38,8.11732,USD,BUY,2026-06-25
OTC-72884346-9232,11,1,904978.97,110.5128,USD,BUY,2026-02-23
EQT-95658504-6525,15,2,2993469.62,90.53854,USD,SELL,2026-06-23
SWP-51518966-2292,13,2,5008427.72,155.90971,USD,BUY,2026-01-26
SPT-31157840-1245,6,10,7690.29,764.11,USD,SELL,2026-03-25
TRD-85110541-4478,13,8,4906543.96,57.38072,USD,SELL,2026-04-21
EQT-91227099-9598,11,7,437613.65,103.5585,USD,BUY,2026-01-19
FXT-35966597-2526,7,3,7396.81,256.76,GBP,BUY,2026-01-24
TRD-41374957-7286,6,5,1023.21,74.4,USD,SELL,2026-04-25
SPT-13863742-0430,2,6,5542.64,479.56,EUR,SELL,2026-04-09
TRD-39171088-6779,7,2,7248.71,449.83,GBP,BUY,2026-05-27
EQT-91981555-6237,3,3,2689.92,218.38,EUR,BUY,2026-01-17
EQT-58341261-4521,7,5,4842.83,66.15,GBP,SELL,2026-03-05
DER-79699345-3203,8,2,1355.76,10.38,GBP,SELL,2026-03-27
SPT-44230340-7212,6,7,8154.94,688.31,USD,BUY,2026-03-18
SWP-80961645-3290,8,6,1777.2,321.6,GBP,SELL,2026-03-16
DER-77293208-3971,6,7,2803.72,629.76,USD,SELL,2026-01-30
FIX-79487366-8939,3,9,270.13,583.13,EUR,BUY,2026-04-23
OTC-92990777-1133,14,7,6730103.55,22.87123,JPY,SELL,2026-03-03
OTC-88404247-2525,12,7,3947493.05,87.219,GBP,SELL,2026-05-30
SPT-71721578-8300,15,7,5436908.39,126.66184,USD,SELL,2026-06-29
FXT-14679315-4067,11,6,840029.08,103.3803,USD,SELL,2026-03-26
SPT-14219637-0172,2,5,2220.79,598.75,EUR,BUY,2026-04-25
SWP-52497139-7586,13,10,6904682.62,24.71367,USD,BUY,2026-05-04
FXT-39652241-6815,15,2,1161577.31,150.54971,USD,BUY,2026-03-31
OTC-46045630-7460,13,4,5211627.18,56.18424,USD,BUY,2026-04-23
DER-42803305-1100,5,1,8102.05,96.49,USD,SELL,2026-06-15
FXT-90884102-2692,15,4,5160423.03,88.61931,USD,SELL,2026-05-24
SPT-62015859-3798,13,7,6297973.43,30.39144,USD,SELL,2026-04-12
TRD-98970591-3232,8,10,4296.1,8.54,GBP,BUY,2026-02-22
OTC-94457033-1025,10,2,3999516.76,101.1067,EUR,SELL,2026-03-25
FIX-61411378-1867,5,8,5277.62,513.09,USD,SELL,2026-06-06
SPT-78786439-1871,6,6,8455.33,495.8,USD,SELL,2026-06-07
FXT-90209088-2194,6,2,2386.49,97.97,USD,SELL,2026-06-27
EQT-68561753-6364,7,10,1379.54,310.05,GBP,BUY,2026-05-05
EQT-74479105-2733,8,5,1403.83,255.09,GBP,SELL,2026-06-08
TRD-48189421-0157,8,3,1952.09,310.24,GBP,SELL,2026-04-15
DER-55784972-7272,8,3,827.62,29.53,GBP,BUY,2026-03-16
TRD-36890134-3683,9,5,1682.92,368.57,CAD,SELL,2026-05-21
FXT-76868379-1871,5,9,8233.0,296.66,USD,BUY,2026-04-23
FIX-57063296-1677,12,4,1495567.59,114.9794,GBP,SELL,2026-03-09
SWP-11674661-7193,14,2,7756540.87,38.44551,JPY,SELL,2026-06-06
SPT-22277675-2281,13,4,8135485.13,129.00667,USD,SELL,2026-05-17
OTC-80108882-8827,3,6,9790.02,237.64,EUR,SELL,2026-05-12
FXT-18198434-6743,15,1,9924869.77,138.82068,USD,BUY,2026-06-29
EQT-33511112-2396,12,6,4144124.2,107.8442,GBP,SELL,2026-05-06
EQT-77500742-4402,11,7,1882109.92,87.2655,USD,BUY,2026-04-14
OTC-93241540-6046,8,8,3273.57,6.97,GBP,BUY,2026-04-28
SWP-08500100-8756,7,4,9681.32,660.75,GBP,SELL,2026-03-10
SWP-38063218-5533,9,10,1306.81,682.68,CAD,SELL,2026-06-24
TRD-06166355-1631,11,8,91243.95,112.883,USD,BUY,2026-04-23
DER-00090721-7009,4,3,8821.6,244.98,USD,SELL,2026-01-24
SWP-33606680-1350,6,3,518.82,502.36,USD,BUY,2026-04-20
FXT-94448752-1559,1,4,4768.59,110.5,EUR,BUY,2026-05-13
DER-01246473-0132,12,6,4087374.04,114.6446,GBP,SELL,2026-06-27
EQT-64115841-1160,4,7,894.22,645.74,USD,BUY,2026-03-22
SWP-40165370-2246,7,3,6416.12,543.32,GBP,BUY,2026-05-16
TRD-81915661-2688,8,6,7224.6,504.32,GBP,BUY,2026-04-16
DER-29158087-1420,15,2,1400991.4,20.31895,USD,SELL,2026-03-31
SPT-42211967-2290,4,5,6446.56,202.29,USD,SELL,2026-06-26
TRD-88369672-4942,4,9,6069.66,154.97,USD,SELL,2026-03-17
TRD-32123815-8108,7,2,2411.58,512.28,GBP,BUY,2026-05-16
TRD-48465780-5185,3,7,8608.28,456.86,EUR,SELL,2026-05-20
EQT-63218512-1195,1,10,676.26,213.44,EUR,BUY,2026-01-16
SPT-67996124-4693,11,9,3837878.9,97.7073,USD,SELL,2026-01-22
EQT-37241089-1369,5,2,5113.54,166.54,USD,BUY,2026-05-18
SWP-52443094-9608,11,2,1557745.77,98.1246,USD,BUY,2026-01-15
FIX-11571285-7118,2,8,6123.36,48.75,EUR,BUY,2026-01-31
TRD-95012811-2248,12,1,827524.83,113.5905,GBP,SELL,2026-02-12
SWP-17036337-4403,12,2,3859437.15,85.8807,GBP,SELL,2026-03-11
FXT-35292504-9447,11,2,2485776.37,100.3235,USD,BUY,2026-05-08
EQT-49350218-2577,5,2,8942.79,540.93,USD,BUY,2026-02-28
TRD-05910667-0201,4,1,4718.17,309.47,USD,BUY,2026-02-15
TRD-74204255-6870,4,6,2483.38,733.1,USD,SELL,2026-03-11
FXT-76710258-6108,2,9,6733.58,46.87,EUR,BUY,2026-05-13
TRD-53811222-1129,15,8,8660456.27,123.92293,USD,SELL,2026-03-25
FXT-74234670-7483,1,6,2007.51,453.23,EUR,SELL,2026-06-09
FIX-62267186-6033,10,8,4988957.71,108.2766,EUR,BUY,2026-02-08
TRD-55034115-0391,4,9,3464.89,672.46,USD,BUY,2026-03-27
TRD-88221829-6164,14,5,1040386.24,85.09945,JPY,BUY,2026-04-18
DER-08038980-2332,12,5,474202.93,112.6382,GBP,SELL,2026-06-29
SWP-61533194-1391,10,2,2532084.54,104.1165,EUR,SELL,2026-01-20
TRD-58382413-2141,4,5,2610.65,255.43,USD,SELL,2026-06-29
SWP-42688984-7417,5,4,747.8,166.16,USD,BUY,2026-02-09
FXT-22062036-7365,8,6,4065.72,431.06,GBP,BUY,2026-04-26
OTC-62189327-4341,14,2,905118.46,129.35019,JPY,SELL,2026-06-30
TRD-28859601-5370,3,2,7111.86,774.88,EUR,SELL,2026-05-12
TRD-90890014-4896,5,3,311.79,326.49,USD,SELL,2026-05-23
FIX-12713811-7570,2,3,1215.41,54.03,EUR,BUY,2026-02-03
FIX-53765180-6098,11,2,2915795.77,92.7646,USD,BUY,2026-01-06
FXT-26541600-7265,13,3,920694.41,135.67098,USD,SELL,2026-02-01
TRD-61873691-0829,3,10,4332.13,580.92,EUR,SELL,2026-01-08
SPT-91699285-6990,3,6,2147.95,153.79,EUR,SELL,2026-04-25
EQT-04650569-4026,11,5,2499469.13,111.4834,USD,SELL,2026-01-16
FXT-37550897-6275,3,7,1995.38,708.3,EUR,BUY,2026-06-11
TRD-51338023-5883,8,9,7814.57,278.51,GBP,SELL,2026-04-10
OTC-24134478-0427,6,10,2190.98,717.13,USD,SELL,2026-01-15
DER-71059199-5856,13,10,9996057.86,155.85499,USD,BUY,2026-03-05
FIX-35772648-8743,14,1,7640733.19,151.68493,JPY,SELL,2026-04-01
EQT-23635791-3875,10,6,4032989.02,105.9288,EUR,BUY,2026-06-30
SWP-76188876-9234,3,10,9483.74,670.17,EUR,SELL,2026-05-19
OTC-23562830-8035,1,2,562.62,483.32,EUR,BUY,2026-05-15
DER-00091737-5435,15,10,2015442.37,21.48698,USD,BUY,2026-03-24
TRD-02941099-2420,10,3,3874088.83,110.3944,EUR,SELL,2026-01-19
SWP-94561490-6481,10,2,1689439.74,94.6781,EUR,BUY,2026-04-22
DER-87131500-5198,3,9,6935.91,743.43,EUR,SELL,2026-02-27
EQT-50785855-5026,12,5,645468.34,106.8649,GBP,SELL,2026-05-26
TRD-24438599-9869,6,10,2209.73,454.61,USD,SELL,2026-02-06
SWP-10443030-3899,6,6,1679.71,708.83,USD,BUY,2026-06-21
SWP-59945655-0186,5,4,2496.16,58.9,USD,SELL,2026-01-28
TRD-06462242-6323,8,7,9691.05,708.22,GBP,SELL,2026-04-07
SWP-73286096-6149,2,8,7887.51,464.55,EUR,BUY,2026-02-11
DER-09893106-0547,5,1,3187.85,761.57,USD,BUY,2026-03-29
EQT-50393104-2636,12,2,2739760.83,111.9437,GBP,BUY,2026-03-28
DER-94557013-0507,7,3,6073.57,350.19,GBP,BUY,2026-01-26
SWP-27588517-3112,7,9,7220.66,585.33,GBP,SELL,2026-06-19
OTC-39916439-3891,2,1,3929.63,441.98,EUR,SELL,2026-02-09
TRD-48429638-0062,7,2,2946.2,531.31,GBP,SELL,2026-02-21
FXT-03454186-3390,3,5,9770.6,381.49,EUR,BUY,2026-03-20
SPT-63209094-8013,15,5,912277.64,87.37928,USD,BUY,2026-04-05
SPT-49580252-3056,8,1,2633.7,374.72,GBP,BUY,2026-03-10
TRD-20284415-1584,2,6,8081.99,334.12,EUR,BUY,2026-05-22
TRD-51956500-8561,7,9,6870.99,749.41,GBP,BUY,2026-05-02
OTC-10597167-6468,15,1,5021512.6,144.14249,USD,BUY,2026-01-31
DER-23203422-2738,4,4,1262.73,341.58,USD,SELL,2026-02-21
EQT-79865944-4225,6,2,871.19,447.31,USD,SELL,2026-03-12
DER-01659440-9626,9,7,1126.08,123.97,CAD,BUY,2026-01-28
FXT-38398732-8775,15,6,8779057.73,42.77697,USD,SELL,2026-05-27
DER-05028557-2821,5,7,1439.38,488.88,USD,SELL,2026-01-10
SPT-44492381-3892,1,8,9208.43,718.14,EUR,BUY,2026-03-28
OTC-41734908-4593,14,8,8582489.6,109.79693,JPY,BUY,2026-02-04
OTC-99820897-7259,13,6,2694930.39,67.0919,USD,BUY,2026-02-18
DER-28372352-6671,12,8,3799871.54,111.0157,GBP,BUY,2026-05-12
EQT-08806960-5097,12,9,2022891.85,108.4155,GBP,BUY,2026-02-14
FIX-26941091-0944,4,1,4565.03,734.83,USD,BUY,2026-03-12
SWP-62306347-8275,7,2,6812.06,197.34,GBP,SELL,2026-06-02
DER-23834879-7775,10,9,1755301.91,89.9054,EUR,SELL,2026-06-26
FXT-38261364-0449,7,1,1629.91,459.95,GBP,BUY,2026-02-26
FIX-90958716-3387,5,7,5133.3,692.38,USD,BUY,2026-05-02
EQT-86888739-2837,10,1,1126612.46,103.2503,EUR,SELL,2026-06-14
OTC-56882385-6168,14,6,4590521.19,35.4607,JPY,SELL,2026-06-23
SPT-78448538-1676,1,9,9994.29,773.36,EUR,SELL,2026-05-24
OTC-40060760-1771,8,2,3363.5,224.8,GBP,SELL,2026-03-12
OTC-88062882-4895,4,3,5173.42,196.04,USD,BUY,2026-06-03
SPT-88654879-5236,11,3,3609203.16,104.662,USD,SELL,2026-03-08
SPT-54304344-6361,12,1,2919288.28,114.8426,GBP,BUY,2026-03-29
FIX-92116057-8759,11,8,4533567.26,105.1561,USD,SELL,2026-02-13
EQT-39431028-1599,8,3,7409.45,581.52,GBP,BUY,2026-06-24
SWP-87836731-1463,4,6,2234.06,697.79,USD,SELL,2026-03-26
SWP-34971668-9593,5,8,8512.29,379.08,USD,BUY,2026-05-01
FIX-67172936-1963,14,7,5298855.21,66.50799,JPY,BUY,2026-02-05
FIX-45992373-6704,10,8,724688.52,110.8718,EUR,BUY,2026-01-21
DER-44644768-2897,6,1,48.13,222.45,USD,BUY,2026-05-28
EQT-65709924-1442,3,10,4337.68,346.38,EUR,SELL,2026-05-03
SPT-00626681-0618,9,4,7306.86,760.3,CAD,SELL,2026-05-16
FIX-02404661-0067,11,4,1139065.9,111.3096,USD,SELL,2026-02-03
FXT-51479273-8246,10,5,843430.73,109.7153,EUR,SELL,2026-03-16
DER-97687945-8524,10,9,1695797.4,111.6392,EUR,BUY,2026-03-29
DER-48217837-3087,3,7,192.23,183.34,EUR,BUY,2026-02-24
TRD-79147232-8267,3,2,3666.55,522.18,EUR,BUY,2026-04-07
OTC-71770706-0796,10,1,3313229.88,104.607,EUR,BUY,2026-01-13
FXT-55938669-7279,7,2,5473.28,382.15,GBP,BUY,2026-02-22
TRD-40415166-6895,11,2,3315790.0,93.0993,USD,BUY,2026-04-18
FXT-68663747-1928,5,2,7847.82,400.7,USD,BUY,2026-03-09
FIX-48039455-6713,5,3,395.02,399.6,USD,BUY,2026-06-26
DER-44372866-3842,1,1,6716.66,725.97,EUR,SELL,2026-02-08
FXT-68679929-1229,12,2,4524849.13,104.3301,GBP,SELL,2026-03-17
OTC-62314252-0820,2,3,8741.53,682.54,EUR,SELL,2026-06-23
SWP-57176108-1898,2,1,97.71,115.02,EUR,BUY,2026-03-26
SWP-58749047-4395,15,2,3726848.91,55.29573,USD,BUY,2026-04-13
SPT-61275585-4453,14,7,6899334.41,76.88443,JPY,SELL,2026-06-16
EQT-15174194-2171,12,1,4908030.16,110.3305,GBP,BUY,2026-04-17
DER-76362294-7178,3,10,3798.13,290.09,EUR,BUY,2026-06-25
EQT-64837853-7997,2,7,4407.44,55.35,EUR,SELL,2026-01-04
FIX-89904987-5542,9,9,6882.73,496.5,CAD,SELL,2026-06-19
FIX-64683506-5664,11,7,751785.72,109.7931,USD,BUY,2026-01-03
EQT-67856130-7688,14,8,8694286.93,12.62603,JPY,SELL,2026-03-24
FIX-44411953-4557,1,9,2227.84,516.44,EUR,SELL,2026-03-02
FXT-61618633-7277,13,10,4481537.76,137.15466,USD,SELL,2026-03-22
FXT-66756320-0291,2,7,4123.97,447.92,EUR,BUY,2026-01-24
OTC-68227936-9213,4,8,9503.6,293.86,USD,BUY,2026-02-27
DER-44556611-9177,13,10,5999911.56,114.86363,USD,SELL,2026-04-26
FXT-13077775-3633,1,6,3552.03,508.76,EUR,SELL,2026-05-21
SWP-94233737-1741,1,3,4924.73,658.36,EUR,SELL,2026-01-28
OTC-81987136-3209,4,2,9302.23,317.35,USD,SELL,2026-02-18
SWP-14464073-6790,1,10,1233.07,713.94,EUR,SELL,2026-06-18
EQT-66951647-0071,9,1,5532.71,349.08,CAD,SELL,2026-05-11
EQT-92854201-9479,3,3,1036.44,527.73,EUR,SELL,2026-05-10
SPT-56192230-9977,15,4,2736685.2,154.20045,USD,SELL,2026-04-26
EQT-18546206-6762,10,9,1501576.54,106.0448,EUR,SELL,2026-05-22
FIX-26962876-3435,10,5,3436190.37,112.6358,EUR,BUY,2026-06-16
EQT-67631432-8888,12,6,3554660.11,107.8233,GBP,SELL,2026-05-30
SPT-90495428-8747,5,7,8083.24,420.57,USD,BUY,2026-04-08
EQT-07122263-0927,4,5,7502.1,132.94,USD,SELL,2026-06-24
OTC-19653285-1016,12,5,1027964.51,101.2352,GBP,SELL,2026-04-26
FXT-82692727-9205,14,4,7424384.95,90.1104,JPY,BUY,2026-05-11
OTC-93004305-0769,15,7,3876158.93,153.10262,USD,SELL,2026-05-22
TRD-01740164-4117,4,10,8688.63,689.05,USD,SELL,2026-02-27
SWP-78971743-8955,12,10,990380.72,106.7474,GBP,BUY,2026-03-17
DER-23813700-1220,3,3,7351.06,99.89,EUR,BUY,2026-04-20
OTC-74705402-4329,3,3,5840.28,207.74,EUR,SELL,2026-04-30
EQT-05360735-2518,15,6,5969206.44,123.94419,USD,SELL,2026-05-06
SWP-09781894-5207,9,4,9569.92,418.88,CAD,BUY,2026-04-17
SPT-12340723-5724,4,4,6633.68,268.2,USD,SELL,2026-02-25
DER-75341065-0144,2,6,4457.23,724.07,EUR,BUY,2026-01-11
SWP-51186964-1857,7,5,5402.83,229.85,GBP,SELL,2026-05-12
DER-65337822-0718,5,4,3203.81,70.46,USD,BUY,2026-02-12
TRD-84145533-1072,4,4,8649.64,342.25,USD,BUY,2026-02-22
SPT-86779969-1181,12,3,128527.2,106.506,GBP,BUY,2026-01-23
FXT-07283737-2916,13,5,5581283.97,92.29149,USD,BUY,2026-03-08
SPT-52080854-7391,11,7,2170794.92,85.5067,USD,BUY,2026-05-17
TRD-86090303-1036,13,10,456123.02,135.82642,USD,SELL,2026-05-09
FXT-38901209-4937,10,2,1414772.05,112.8007,EUR,SELL,2026-04-12
TRD-63617549-2561,9,4,1364.68,315.84,CAD,SELL,2026-06-12
EQT-40004466-6113,1,9,8747.79,117.39,EUR,BUY,2026-01-02
SPT-72095327-8970,2,5,2101.32,594.44,EUR,SELL,2026-02-24
SPT-86695458-8397,3,3,1840.74,495.42,EUR,SELL,2026-02-19
FXT-24341456-9294,14,1,8514025.84,149.22652,JPY,SELL,2026-06-15
FXT-39010740-1103,5,2,1974.98,466.57,USD,SELL,2026-04-02
EQT-90099765-3842,2,5,6195.54,720.59,EUR,SELL,2026-05-05
DER-44069864-5008,12,10,770450.86,102.0059,GBP,SELL,2026-04-20
EQT-00648524-5131,4,4,7122.28,514.47,USD,SELL,2026-04-03
EQT-91211707-5432,15,8,4629020.91,57.84754,USD,SELL,2026-05-05
FXT-23591471-9938,2,5,8587.28,116.3,EUR,BUY,2026-03-09
FXT-97633380-1235,15,1,8496023.14,101.3181,USD,SELL,2026-06-01
FIX-04919926-9037,5,9,8939.97,434.04,USD,BUY,2026-04-04
SPT-29971710-9660,12,5,678067.48,100.0337,GBP,BUY,2026-04-12
SWP-67399750-0173,11,4,4241429.38,109.1962,USD,BUY,2026-05-12
EQT-59890694-2608,3,10,9487.17,529.23,EUR,BUY,2026-05-04
SWP-05425057-3585,13,8,2318267.33,42.81209,USD,BUY,2026-01-11
FIX-69509378-5918,7,8,9179.1,705.83,GBP,BUY,2026-06-16
SWP-13854626-8542,11,5,4176012.61,92.8995,USD,BUY,2026-04-07
SPT-49029303-9628,11,2,2588147.86,96.2899,USD,BUY,2026-05-13
SPT-47365168-5653,8,8,8871.83,10.25,GBP,BUY,2026-04-23
EQT-30868838-1263,9,5,2115.96,153.59,CAD,SELL,2026-06-04
FXT-88732634-3773,7,6,7202.84,387.81,GBP,SELL,2026-05-03
FIX-79294612-2641,11,7,122005.73,86.2943,USD,BUY,2026-02-04
TRD-76808685-2406,1,3,2583.34,148.13,EUR,SELL,2026-06-03
TRD-96576003-4644,2,4,4492.58,794.26,EUR,SELL,2026-02-13
FIX-55132193-9844,3,10,8204.71,149.6,EUR,SELL,2026-02-12
SWP-60863732-9773,10,2,1156770.8,96.5639,EUR,BUY,2026-01-05
FIX-70157128-8263,11,7,4134305.79,103.1653,USD,BUY,2026-05-02
TRD-71327320-8246,13,2,932806.47,105.74124,USD,BUY,2026-06-23
SPT-70067590-6892,6,1,6976.73,346.02,USD,SELL,2026-04-08
SWP-79060695-9439,2,7,1339.7,384.33,EUR,BUY,2026-01-22
OTC-80301439-8908,7,5,1891.02,568.77,GBP,BUY,2026-05-28
FXT-69761254-0117,7,4,6877.98,256.14,GBP,SELL,2026-01-28
EQT-57186360-9590,5,5,8549.91,341.73,USD,SELL,2026-06-06
OTC-91349351-6511,13,4,4132868.35,125.55749,USD,SELL,2026-02-15
SWP-75040303-9091,8,5,9885.09,464.23,GBP,SELL,2026-02-05
FXT-30839382-7317,13,3,1003685.9,81.67913,USD,SELL,2026-05-21
TRD-21573890-6375,11,1,4023803.11,109.6977,USD,SELL,2026-06-03
SPT-11830043-1049,5,4,3708.98,489.18,USD,SELL,2026-04-13
OTC-95510117-9788,1,3,6403.27,353.98,EUR,BUY,2026-06-18
OTC-26138432-0550,13,10,5105967.96,111.96304,USD,BUY,2026-06-22
TRD-48283485-3919,11,1,4878473.05,87.6053,USD,SELL,2026-04-13
SWP-89880518-6474,7,10,2003.9,17.22,GBP,BUY,2026-01-24
OTC-97460687-9160,15,10,3481604.39,154.15173,USD,SELL,2026-02-27
FIX-61036720-6618,10,1,1312926.45,97.214,EUR,BUY,2026-05-24
FXT-67534222-4821,6,2,8029.62,765.58,USD,SELL,2026-06-27
DER-50610858-9226,8,4,7574.98,769.18,GBP,SELL,2026-06-24
DER-78762521-0448,8,2,2578.94,309.23,GBP,BUY,2026-06-23
FIX-42376656-6757,6,9,5356.98,562.15,USD,SELL,2026-03-05
OTC-12483514-6536,11,6,389383.81,112.9419,USD,SELL,2026-03-22
SWP-29335449-9399,5,3,9471.23,548.07,USD,BUY,2026-05-08
FIX-31522559-3965,14,5,2068579.54,33.00071,JPY,BUY,2026-06-08
SWP-20937370-1747,2,2,6758.45,532.42,EUR,BUY,2026-05-19
TRD-64732147-6081,10,6,2466778.48,114.5608,EUR,SELL,2026-05-06
EQT-68603195-4591,7,4,7501.94,106.96,GBP,SELL,2026-05-03
TRD-67441081-5689,7,3,4572.5,100.69,GBP,SELL,2026-03-22
TRD-01586450-3452,7,10,1008.38,292.47,GBP,SELL,2026-02-17
OTC-31828278-4413,8,10,3431.62,151.21,GBP,SELL,2026-02-23
SPT-94048056-6099,6,7,2797.02,148.01,USD,BUY,2026-05-28
FIX-13404289-4422,13,4,5553845.13,137.10998,USD,BUY,2026-02-07
EQT-63483243-0159,3,7,4996.48,796.47,EUR,SELL,2026-05-05
OTC-33685164-9210,14,10,478045.33,16.46669,JPY,BUY,2026-01-16
FIX-34130183-7807,14,2,4499098.34,54.01079,JPY,SELL,2026-04-03
OTC-46189726-0324,7,2,3511.55,545.27,GBP,BUY,2026-05-28
EQT-38199537-5818,6,9,4875.45,590.54,USD,BUY,2026-04-08
OTC-62243750-2373,14,3,6406165.95,148.62067,JPY,SELL,2026-06-11
SPT-09575640-1296,3,6,2282.95,256.92,EUR,SELL,2026-03-10
SPT-36406303-7289,13,6,7479207.09,83.68506,USD,SELL,2026-04-16
EQT-24680787-0378,3,4,6620.56,752.65,EUR,BUY,2026-02-23
EQT-53290556-1687,2,2,9368.0,381.18,EUR,BUY,2026-01-07
SPT-70327779-1363,2,5,6181.4,72.03,EUR,SELL,2026-03-21
FIX-33204998-4655,8,3,1313.64,671.62,GBP,BUY,2026-01-09
SWP-43647781-7801,8,9,9348.64,441.09,GBP,BUY,2026-06-28
EQT-79299984-9790,8,10,4350.34,513.63,GBP,SELL,2026-03-30
DER-72433029-3721,13,2,4419161.2,58.96928,USD,SELL,2026-02-09
OTC-01416778-0001,9,3,3439.51,378.01,CAD,BUY,2026-06-26
DER-64030858-4908,1,7,7979.85,479.62,EUR,BUY,2026-05-21
SWP-25309568-6745,15,9,4371626.56,40.50845,USD,SELL,2026-04-07
FIX-35296615-1297,7,4,5166.58,640.97,GBP,SELL,2026-03-14
OTC-55419020-3080,14,2,1824889.38,46.83253,JPY,SELL,2026-06-08
DER-36525224-8060,4,6,194.93,44.46,USD,BUY,2026-02-17
FXT-37864772-4410,3,8,7271.34,190.08,EUR,BUY,2026-01-04
DER-29150491-5601,7,5,7857.47,401.22,GBP,SELL,2026-04-29
TRD-44325223-1314,14,3,561327.41,124.26151,JPY,BUY,2026-05-20
DER-24374441-3148,15,5,8172689.99,132.64055,USD,BUY,2026-03-05
SPT-59453211-4049,12,1,1003907.58,107.0597,GBP,BUY,2026-05-14
FIX-63461570-6375,11,5,4681714.08,89.7583,USD,BUY,2026-05-21
FXT-33999060-7884,11,5,1001630.92,111.6256,USD,BUY,2026-01-29
FIX-84947603-7113,6,1,1674.44,224.5,USD,BUY,2026-04-12
FIX-01198544-0688,10,8,3445148.63,89.6498,EUR,BUY,2026-03-05
EQT-67098020-1497,11,10,1698726.26,114.0896,USD,BUY,2026-01-16
SWP-86513378-2521,12,9,3959416.56,88.7748,GBP,BUY,2026-03-23
SWP-58883853-3161,1,7,3582.32,112.11,EUR,BUY,2026-05-05
DER-75031037-4828,9,8,1898.57,153.37,CAD,SELL,2026-03-24
DER-36953423-9808,15,9,1604273.75,85.31019,USD,SELL,2026-03-17
OTC-72693120-6014,8,1,7759.4,407.24,GBP,BUY,2026-01-05
SWP-83241474-3912,6,2,6583.24,433.47,USD,SELL,2026-02-18
DER-74016756-2525,10,5,1619774.2,104.2271,EUR,BUY,2026-01-25
FXT-05875684-2126,3,1,2021.59,390.87,EUR,BUY,2026-01-09
SPT-88304696-8026,9,10,7013.44,208.47,CAD,SELL,2026-02-26
FXT-01756387-3419,11,8,4642734.56,109.9623,USD,SELL,2026-06-13
TRD-48442674-9142,12,7,4111912.32,108.8275,GBP,BUY,2026-06-07
OTC-71003974-0666,12,2,4173937.93,87.3381,GBP,BUY,2026-05-13
FXT-13586205-3784,9,7,1895.41,423.32,CAD,BUY,2026-05-26
EQT-74950330-9144,7,2,7663.07,463.37,GBP,SELL,2026-06-29
SPT-13972387-2733,13,3,5500104.7,81.09756,USD,BUY,2026-05-17
DER-47288136-5163,9,6,8448.7,332.81,CAD,SELL,2026-03-24
FIX-75584002-8939,4,7,7657.32,741.29,USD,SELL,2026-04-03
DER-60062404-6505,1,1,9829.58,478.63,EUR,BUY,2026-03-19
TRD-40310141-3635,4,6,217.99,658.44,USD,SELL,2026-05-22
EQT-12655004-0618,8,6,1561.91,215.67,GBP,BUY,2026-03-01
OTC-40305910-1505,10,7,2849634.04,91.5231,EUR,BUY,2026-03-25
DER-23206579-7999,14,10,8195333.13,15.89149,JPY,SELL,2026-01-10
SPT-10533057-0916,15,6,3479954.14,130.87067,USD,SELL,2026-01-31
FIX-87614538-9868,15,1,6339237.14,101.40844,USD,BUY,2026-03-20
TRD-42857940-8846,10,3,1640889.82,105.9331,EUR,BUY,2026-01-13
SPT-59809598-9750,10,9,459513.93,97.9581,EUR,SELL,2026-02-07
EQT-45119729-1352,8,10,7453.41,440.78,GBP,SELL,2026-01-22
SPT-67353558-7118,13,3,7620567.16,77.31095,USD,BUY,2026-05-05
SPT-87543303-9360,4,9,6160.35,589.86,USD,BUY,2026-03-04
FXT-35736421-7046,6,10,896.86,539.04,USD,SELL,2026-04-04
SWP-25567100-5254,6,10,6554.44,616.9,USD,BUY,2026-03-31
DER-83642093-2389,8,1,9242.21,190.62,GBP,SELL,2026-02-09
FXT-15082279-0893,4,10,9267.37,695.66,USD,SELL,2026-01-04
SWP-93119618-1823,5,8,4712.43,268.84,USD,BUY,2026-02-22
OTC-73658696-7913,10,3,3478405.01,105.0478,EUR,SELL,2026-05-30
TRD-34286770-2790,1,5,2007.76,558.74,EUR,SELL,2026-01-14
DER-87880113-0136,2,7,6604.07,532.07,EUR,SELL,2026-01-28
TRD-39258091-6332,4,7,5085.89,569.2,USD,SELL,2026-05-05
FXT-25020518-3258,9,8,5607.31,571.41,CAD,BUY,2026-03-05
OTC-44770958-8027,7,3,184.7,549.03,GBP,SELL,2026-06-10
OTC-31702866-8212,5,1,6258.3,703.55,USD,BUY,2026-05-23
OTC-30277197-2485,6,7,6569.66,74.8,USD,SELL,2026-05-14
FIX-56013532-3938,10,3,2138060.34,94.3715,EUR,SELL,2026-04-25
EQT-27750491-2270,10,9,3423402.69,91.0693,EUR,BUY,2026-03-21
EQT-57722252-2378,11,10,4586389.48,94.5249,USD,BUY,2026-02-17
SWP-19531743-0483,13,6,8801438.87,66.6566,USD,SELL,2026-03-19
DER-85476210-4485,3,4,1068.61,151.87,EUR,SELL,2026-06-05
FIX-80042177-3804,4,1,3593.25,552.07,USD,SELL,2026-02-04
DER-95565589-6126,3,7,4914.96,114.32,EUR,BUY,2026-02-27
TRD-54839908-0245,15,5,9502030.23,36.15289,USD,BUY,2026-02-22
FXT-23767033-7197,14,10,4899939.04,52.45587,JPY,SELL,2026-03-05
SPT-54340297-0685,10,7,3603802.56,96.8245,EUR,BUY,2026-05-14
FXT-60614013-7485,14,1,8777921.6,39.84346,JPY,SELL,2026-01-11
SPT-69273350-0807,4,5,4396.1,708.1,USD,SELL,2026-04-29
EQT-56701914-4823,10,1,3452865.26,112.1103,EUR,SELL,2026-06-15
DER-12138759-8202,2,3,7787.53,750.58,EUR,BUY,2026-04-11
SPT-43414191-7387,1,3,4537.35,717.81,EUR,BUY,2026-04-27
FXT-33565477-5309,12,3,3594689.85,88.7063,GBP,BUY,2026-06-30
DER-85103759-5946,2,9,7073.08,582.86,EUR,BUY,2026-04-07
SPT-05892974-2799,15,6,5655350.29,105.76318,USD,BUY,2026-02-11
EQT-24007090-0840,7,5,3095.87,616.06,GBP,SELL,2026-03-15
EQT-15777827-2155,4,1,6225.98,206.22,USD,SELL,2026-05-08
DER-72947490-0094,10,8,1197012.99,102.6659,EUR,SELL,2026-04-27
SPT-59307507-1300,10,10,42799.39,111.465,EUR,SELL,2026-06-08
FIX-06565770-3028,3,1,6533.12,34.19,EUR,BUY,2026-06-20
OTC-44440977-1436,1,2,4170.15,146.71,EUR,SELL,2026-06-06
EQT-61114408-9485,6,1,932.17,242.94,USD,SELL,2026-04-08
FXT-57354434-9018,2,5,4708.7,102.01,EUR,SELL,2026-03-26
SPT-70416822-3438,12,4,3064148.19,88.2791,GBP,BUY,2026-05-04
OTC-57318164-9975,14,6,2597340.73,92.32023,JPY,SELL,2026-02-03
DER-69753731-8154,8,3,8836.75,190.01,GBP,SELL,2026-02-19
TRD-15865493-0392,8,2,7374.95,169.83,GBP,SELL,2026-04-16
TRD-44800838-5728,9,4,113.96,164.94,CAD,SELL,2026-03-07
FXT-41308532-4919,9,9,3239.91,9.87,CAD,SELL,2026-03-29
SPT-97226871-9321,10,1,4161893.42,90.8205,EUR,SELL,2026-06-22
DER-63686372-0582,11,3,2412662.66,103.816,USD,SELL,2026-04-29
SPT-99668024-0917,14,9,2994138.12,116.18679,JPY,SELL,2026-05-23
TRD-27952515-9460,11,6,3999681.31,111.6409,USD,SELL,2026-01-17
EQT-37642707-0510,6,7,6265.48,674.71,USD,SELL,2026-02-17
FXT-41376831-5152,12,1,1364772.11,87.6039,GBP,BUY,2026-04-06
DER-40618137-3541,9,5,1750.95,302.5,CAD,BUY,2026-02-21
FXT-59562350-8290,1,8,9049.65,127.49,EUR,SELL,2026-05-04
OTC-43934556-2347,13,2,8221563.04,150.1272,USD,BUY,2026-02-22
TRD-61655384-6350,12,9,588021.58,94.3294,GBP,BUY,2026-06-25
FXT-44733393-7649,15,1,1031925.19,122.7525,USD,SELL,2026-01-06
OTC-85745109-3438,6,4,1926.26,224.94,USD,SELL,2026-04-23
FXT-36595028-2446,3,5,1145.49,766.85,EUR,BUY,2026-02-22
SWP-73734610-5218,5,3,9432.83,644.18,USD,BUY,2026-02-13
FXT-41792388-5549,9,8,508.21,28.05,CAD,BUY,2026-01-28
SPT-07220897-1410,7,7,1790.65,478.92,GBP,SELL,2026-06-07
SWP-41935074-5444,14,4,7129273.95,107.56963,JPY,BUY,2026-04-30
EQT-12470997-7672,2,8,3104.61,517.31,EUR,SELL,2026-05-01
FIX-30037183-2354,14,10,2581269.6,58.59748,JPY,BUY,2026-06-29
SWP-43588695-7426,8,1,654.59,94.75,GBP,SELL,2026-04-29
EQT-37883942-5711,10,10,645696.07,88.088,EUR,BUY,2026-03-25
FXT-40549608-8728,8,7,5905.77,194.67,GBP,BUY,2026-05-21
EQT-64743230-6288,2,6,2083.17,556.78,EUR,SELL,2026-04-22
SWP-73085160-3869,3,2,7393.93,570.97,EUR,SELL,2026-01-30
DER-43671508-9094,2,8,1762.56,764.93,EUR,BUY,2026-06-03
FXT-92007417-9771,13,7,3274755.02,103.44677,USD,BUY,2026-01-24
FIX-18645088-9515,15,1,7571020.1,105.97841,USD,SELL,2026-05-17
OTC-52342586-9468,8,4,2057.41,702.55,GBP,SELL,2026-05-26
OTC-58348074-5640,2,10,82.18,789.21,EUR,SELL,2026-02-02
OTC-08376603-6049,15,9,9679027.27,0.83434,USD,SELL,2026-01-29
OTC-04185545-3854,7,10,3943.29,257.91,GBP,SELL,2026-04-14
SPT-58410219-8931,4,3,4749.24,154.64,USD,SELL,2026-04-03
SPT-20705405-4726,14,3,1343640.2,12.12914,JPY,BUY,2026-02-06
DER-88305426-7155,3,2,1373.07,645.72,EUR,SELL,2026-06-28
SPT-83650995-2945,8,9,4241.82,656.96,GBP,SELL,2026-04-01
FIX-24936450-6959,10,1,2893913.12,110.4041,EUR,BUY,2026-05-09
OTC-55141717-8948,10,6,176974.76,86.136,EUR,SELL,2026-06-30
SWP-15188664-9507,8,2,1421.73,586.38,GBP,SELL,2026-04-30
FXT-70243759-9995,2,4,4725.04,594.64,EUR,BUY,2026-06-25
OTC-82280717-0864,15,6,5350797.58,2.4178,USD,SELL,2026-05-12
DER-77036318-5431,7,6,9605.85,639.59,GBP,SELL,2026-02-12
TRD-93288187-9791,12,5,3637588.85,101.9112,GBP,BUY,2026-06-11
DER-77596783-2770,10,1,3285036.23,93.7526,EUR,BUY,2026-03-15
DER-11074327-2077,9,2,8514.6,225.89,CAD,BUY,2026-06-07
OTC-36939015-4209,1,2,6038.61,728.55,EUR,BUY,2026-06-18
DER-49629263-2873,5,4,4849.7,640.5,USD,BUY,2026-03-29
FXT-19470999-9757,15,3,8376304.58,120.61487,USD,SELL,2026-04-09
FIX-88673262-7211,12,3,1062175.17,107.0308,GBP,SELL,2026-01-14
OTC-15568500-0860,3,8,3988.05,244.59,EUR,BUY,2026-04-08
SPT-63698335-4302,3,9,8702.91,14.43,EUR,SELL,2026-04-08
SWP-71169409-0672,2,9,6374.6,765.17,EUR,SELL,2026-06-06
OTC-44958564-4429,5,2,2554.18,469.42,USD,SELL,2026-06-22
FIX-98557883-9645,13,4,5200003.27,108.6605,USD,BUY,2026-03-22
TRD-90301937-0138,14,2,120602.15,16.26341,JPY,BUY,2026-06-25
DER-47179735-3594,12,5,1266961.57,86.0213,GBP,BUY,2026-01-15
FIX-80448089-1995,12,2,441068.01,103.1406,GBP,SELL,2026-06-18
EQT-14877375-3018,5,5,4670.09,749.26,USD,SELL,2026-03-12
SPT-92908395-5298,5,3,7807.53,225.44,USD,BUY,2026-04-08
SPT-44648162-0984,5,5,1780.12,60.17,USD,BUY,2026-06-06
SPT-23950102-8061,2,3,5406.78,347.85,EUR,BUY,2026-04-24
OTC-13862962-0571,2,2,5713.87,204.22,EUR,SELL,2026-01-05
DER-19978882-0014,15,1,6646393.76,43.14333,USD,SELL,2026-04-11
TRD-69173535-8039,8,7,4039.72,583.58,GBP,BUY,2026-05-19
FIX-00443906-6298,12,8,614806.21,101.0591,GBP,SELL,2026-03-27
OTC-53769608-0904,11,2,1833123.25,110.6003,USD,SELL,2026-01-21
DER-38917593-3327,3,9,394.27,310.41,EUR,BUY,2026-03-18
SPT-14330160-5886,8,2,8852.26,353.2,GBP,BUY,2026-02-05
TRD-25916466-0415,12,10,1200040.81,96.663,GBP,SELL,2026-05-08
DER-02203625-0606,6,1,3377.85,578.2,USD,SELL,2026-01-31
FIX-87758252-8570,8,9,1490.39,465.58,GBP,BUY,2026-01-10
EQT-65618337-0312,8,10,458.97,562.53,GBP,BUY,2026-01-04
EQT-84914383-0818,15,5,8207571.49,16.19865,USD,BUY,2026-06-01
FXT-14271532-1870,8,10,7991.95,180.36,GBP,BUY,2026-04-20
SWP-99043073-6586,6,2,9758.56,462.89,USD,BUY,2026-03-24
FIX-06118522-9717,3,6,633.16,222.75,EUR,SELL,2026-02-13
SWP-74277128-2703,8,4,9256.83,37.36,GBP,BUY,2026-06-11
SPT-21173338-0256,15,8,808145.35,1.85078,USD,BUY,2026-06-30
OTC-55864403-7798,12,3,1038739.49,104.1948,GBP,SELL,2026-04-16
FIX-23427561-0616,10,3,3588821.79,103.3615,EUR,BUY,2026-06-10
OTC-46688115-6861,1,9,2357.15,98.42,EUR,BUY,2026-06-08
SWP-72440371-8315,4,8,7703.54,529.17,USD,SELL,2026-01-14
FIX-15123535-2444,11,8,2492599.04,89.7928,USD,BUY,2026-01-14
SWP-38260712-3433,7,5,3343.61,645.1,GBP,SELL,2026-01-12
FXT-99377072-0859,15,9,1759700.19,125.82888,USD,SELL,2026-05-12
FXT-09510600-3855,12,8,2967606.24,94.7792,GBP,BUY,2026-06-23
SWP-30878564-1804,6,4,981.54,591.51,USD,BUY,2026-04-07
FIX-09868991-7716,10,8,281153.39,98.076,EUR,BUY,2026-06-06
DER-23898911-6346,6,3,4577.94,159.35,USD,SELL,2026-03-11
FIX-45082572-2084,1,10,597.46,113.52,EUR,SELL,2026-04-28
SPT-22978251-5629,4,5,6036.76,632.69,USD,BUY,2026-05-28
FIX-11606388-6745,14,9,4892644.77,159.30933,JPY,SELL,2026-04-29
OTC-01946674-7014,12,4,1246678.91,98.0275,GBP,BUY,2026-06-01
EQT-77000815-0083,7,1,401.55,379.17,GBP,BUY,2026-04-19
SPT-64326441-1605,8,8,2405.87,449.0,GBP,BUY,2026-06-27
SPT-29260335-2174,6,5,2391.38,799.17,USD,BUY,2026-05-03
OTC-21716808-7524,14,10,7473119.68,4.58907,JPY,SELL,2026-04-29
EQT-94373167-6641,3,6,6268.48,564.6,EUR,BUY,2026-06-10
FXT-51657620-5454,9,1,2966.6,603.55,CAD,BUY,2026-06-25
FXT-83276088-5500,12,1,2578535.04,112.3001,GBP,SELL,2026-01-14
FXT-51399349-5989,8,10,409.7,296.31,GBP,BUY,2026-05-24
FIX-18576512-5487,4,9,1136.46,385.4,USD,BUY,2026-02-27
SWP-47340158-4380,9,7,2772.18,55.38,CAD,SELL,2026-04-26
DER-67303492-8629,14,2,4702168.33,85.43238,JPY,SELL,2026-04-26
SWP-90369665-1075,4,8,874.0,315.59,USD,BUY,2026-03-15
FXT-14678711-2699,5,2,6971.12,399.58,USD,BUY,2026-05-14
TRD-39348536-6824,11,9,4659290.15,99.2171,USD,SELL,2026-04-24
TRD-39126722-3097,2,1,8718.07,189.7,EUR,SELL,2026-04-16
SWP-88014684-5346,8,10,6658.89,426.48,GBP,SELL,2026-04-28
OTC-76135229-2161,15,5,1718199.52,42.11919,USD,SELL,2026-04-06
OTC-06351040-2430,6,5,4559.81,137.26,USD,BUY,2026-05-18
OTC-24465275-2873,14,3,1613385.88,19.32493,JPY,SELL,2026-05-28
EQT-59175071-4266,6,3,2052.35,567.17,USD,SELL,2026-03-30
EQT-50051795-7347,9,3,5336.9,101.58,CAD,BUY,2026-04-14
DER-19513094-7504,15,6,1561376.62,155.24492,USD,SELL,2026-06-15
OTC-63607213-4748,13,10,6669210.43,128.07248,USD,SELL,2026-03-28
FXT-98199128-7847,15,1,1395093.51,88.46793,USD,SELL,2026-01-07
SPT-82882398-3610,8,6,925.72,48.75,GBP,BUY,2026-05-30
FIX-37302753-3206,1,2,5384.58,359.14,EUR,BUY,2026-05-12
SPT-26098642-8035,6,10,6051.17,755.0,USD,SELL,2026-04-12
EQT-96095030-7006,6,7,3728.94,231.3,USD,SELL,2026-03-20
DER-75300576-1435,4,8,7415.54,335.41,USD,SELL,2026-03-15
EQT-97710595-6944,12,7,706442.76,102.6154,GBP,BUY,2026-02-06
FIX-40698994-7776,14,9,9866396.83,11.23224,JPY,SELL,2026-01-23
TRD-54956876-4478,7,3,5558.58,569.65,GBP,BUY,2026-02-21
EQT-51240239-4742,9,8,423.29,661.87,CAD,SELL,2026-05-07
DER-30134594-0439,13,1,1541085.67,48.51699,USD,SELL,2026-02-01
OTC-55989834-2938,8,4,285.4,612.95,GBP,SELL,2026-01-18
SWP-77989327-7872,10,7,4343046.13,103.8399,EUR,SELL,2026-06-27
FXT-50090353-8397,12,10,97549.95,92.7861,GBP,BUY,2026-02-07
SWP-61880273-2219,6,3,529.83,292.12,USD,SELL,2026-01-13
OTC-39146492-8677,11,2,2574193.8,107.9933,USD,BUY,2026-01-25
EQT-72975834-5285,14,6,8268393.14,109.81527,JPY,SELL,2026-03-11
SWP-12862542-8755,10,6,4118340.94,85.3869,EUR,SELL,2026-04-06
DER-55296966-5575,15,3,1025076.16,25.3206,USD,BUY,2026-02-18
FXT-56015266-7544,15,2,1166539.94,21.60528,USD,BUY,2026-05-03
SWP-41818682-5940,3,8,8897.37,480.13,EUR,SELL,2026-02-14
OTC-03860039-1943,4,3,8568.3,118.18,USD,BUY,2026-03-20
EQT-28164383-2133,2,7,6908.49,628.3,EUR,BUY,2026-01-05
DER-57881056-0696,4,2,328.89,529.53,USD,BUY,2026-05-01
FXT-33958759-0709,2,5,6676.2,604.87,EUR,BUY,2026-06-04
FIX-78866745-3277,3,6,293.56,120.72,EUR,SELL,2026-05-29
SWP-47271923-2630,14,9,7808240.56,98.34396,JPY,BUY,2026-01-26
TRD-70979534-3555,12,4,4821676.36,90.1532,GBP,BUY,2026-01-26
FIX-67671943-7777,6,10,1852.07,540.45,USD,BUY,2026-02-16
SWP-50951070-6948,4,9,2276.31,94.71,USD,SELL,2026-02-01
DER-14806384-8515,3,8,7622.97,565.26,EUR,BUY,2026-01-22
SWP-66265010-1895,7,5,4570.0,590.26,GBP,SELL,2026-02-27
SPT-39002238-7011,4,2,8947.65,642.94,USD,SELL,2026-02-15
TRD-90484077-8055,11,2,1987885.1,100.6799,USD,BUY,2026-01-31
EQT-52990697-6563,12,10,4888078.57,107.243,GBP,BUY,2026-01-17
SWP-26720922-5548,4,10,8440.45,326.41,USD,BUY,2026-04-19
DER-37382097-9534,10,5,3783951.69,109.0295,EUR,SELL,2026-04-02
DER-89479873-9882,7,8,5114.63,122.16,GBP,SELL,2026-01-28
FXT-33647023-8017,8,4,6284.08,112.01,GBP,BUY,2026-01-14
FXT-66858535-0438,3,7,6046.23,264.93,EUR,SELL,2026-06-09
FXT-10269972-8518,13,8,7927521.42,32.86773,USD,SELL,2026-05-06
OTC-72804811-5629,13,9,5466653.72,152.44607,USD,BUY,2026-04-21
FXT-51489930-7374,6,7,4426.12,33.6,USD,BUY,2026-05-23
OTC-94765662-2689,8,7,1345.75,574.0,GBP,SELL,2026-01-29
DER-88594248-9073,11,9,2865329.06,99.2773,USD,BUY,2026-05-10
TRD-52530781-4315,8,10,9708.74,495.47,GBP,SELL,2026-03-14
SWP-08244186-0461,10,1,649708.34,95.9923,EUR,BUY,2026-06-10
SWP-51079694-1594,7,6,9919.46,332.48,GBP,BUY,2026-06-19
FIX-33234179-3844,11,5,2966733.02,112.3117,USD,BUY,2026-03-20
FXT-45311134-2781,1,9,3261.84,371.42,EUR,SELL,2026-05-26
SPT-35784981-0334,12,8,2944066.28,114.5729,GBP,SELL,2026-05-27
SPT-43274663-9380,2,8,1001.47,541.71,EUR,SELL,2026-05-08
SWP-22364326-4907,6,7,2018.38,510.18,USD,BUY,2026-05-18
FIX-38568210-4344,1,5,9962.28,324.61,EUR,BUY,2026-06-09
FXT-96328981-9473,2,10,3369.04,58.48,EUR,SELL,2026-04-20
FIX-46616029-1256,11,5,2528151.28,93.9973,USD,SELL,2026-02-21
SPT-53995920-4116,10,9,2271610.74,107.9033,EUR,BUY,2026-01-05
EQT-77422596-8178,4,8,2680.09,512.15,USD,SELL,2026-05-25
TRD-70097837-3287,6,8,1478.29,124.63,USD,SELL,2026-04-22
SPT-42768905-1055,11,4,4231375.24,93.008,USD,SELL,2026-06-15
EQT-34419684-9850,4,7,2385.6,124.22,USD,BUY,2026-03-04
OTC-62298460-7952,9,7,4220.77,725.0,CAD,BUY,2026-02-10
OTC-18311409-0477,5,5,6587.05,144.91,USD,BUY,2026-05-05
TRD-07425900-1375,6,10,2980.49,55.55,USD,SELL,2026-04-04
FXT-53270351-2302,4,2,5710.16,402.7,USD,BUY,2026-05-14
OTC-66632538-1478,4,10,1223.65,646.32,USD,SELL,2026-05-30
SPT-99852483-3865,15,7,2180865.84,17.71547,USD,BUY,2026-03-12
DER-54811239-4166,14,10,560198.1,85.68177,JPY,BUY,2026-03-23
SPT-63733841-4036,5,3,3630.62,573.96,USD,SELL,2026-01-06
TRD-99247260-0895,12,4,1272384.65,96.5407,GBP,SELL,2026-06-25
FXT-71794497-3872,14,8,3885321.68,145.6294,JPY,SELL,2026-03-07
OTC-12113193-3857,5,4,8594.31,132.38,USD,SELL,2026-06-11
SWP-86493863-6656,13,1,2741091.22,13.45906,USD,SELL,2026-05-01
SPT-44657219-6920,15,2,8244184.26,111.96821,USD,BUY,2026-04-01
SPT-80814633-8973,12,6,2271776.15,85.8205,GBP,BUY,2026-06-14
EQT-84578152-7264,13,3,31754.96,32.572,USD,SELL,2026-03-22
FXT-14875109-2585,4,9,7135.93,615.25,USD,BUY,2026-06-02
SPT-42869025-7397,8,3,2607.54,551.54,GBP,SELL,2026-03-14
FIX-11327835-6791,6,3,3935.55,304.97,USD,BUY,2026-01-06
TRD-74964625-3747,15,2,9741301.59,32.28381,USD,BUY,2026-01-13
SPT-82947099-7027,10,5,754763.49,113.741,EUR,BUY,2026-05-26
FXT-01894470-8615,7,8,8272.75,397.85,GBP,BUY,2026-02-22
FIX-35729141-4717,12,8,1916546.84,97.9393,GBP,BUY,2026-06-03
FIX-37979220-3102,7,3,4085.83,121.02,GBP,SELL,2026-03-09
FIX-82903638-7388,15,4,3697007.76,109.70375,USD,SELL,2026-01-22
TRD-62932224-2182,14,6,9744017.37,64.03047,JPY,BUY,2026-04-09
SPT-98798220-9784,5,2,953.7,51.71,USD,SELL,2026-03-02
DER-47553566-9934,11,10,3550734.17,109.2956,USD,BUY,2026-03-06
SPT-40601849-6466,11,6,669868.89,111.7668,USD,BUY,2026-05-29
EQT-34935754-2783,9,8,9303.34,702.93,CAD,BUY,2026-01-23
SWP-95328889-8690,7,3,2604.8,254.05,GBP,BUY,2026-05-08
OTC-48397866-7046,5,5,6129.7,610.44,USD,SELL,2026-05-13
SWP-58488779-2703,6,8,7636.99,125.26,USD,SELL,2026-01-14
FIX-19947547-0894,4,3,359.59,211.88,USD,SELL,2026-04-22
FXT-66425800-0668,8,6,9888.2,450.88,GBP,SELL,2026-05-07
FXT-96605083-2425,2,6,936.69,695.2,EUR,BUY,2026-02-13
OTC-75597784-9595,4,10,9980.05,8.28,USD,BUY,2026-04-17
FXT-33038691-8161,11,2,4437964.81,85.7789,USD,BUY,2026-04-11
SWP-79233891-1737,14,6,1538600.91,13.61337,JPY,SELL,2026-04-27
OTC-79752745-0095,6,1,6562.07,760.96,USD,SELL,2026-05-26
EQT-28369179-0797,13,5,3232385.3,9.54673,USD,BUY,2026-05-21
SPT-12421986-6534,5,3,2401.56,617.85,USD,SELL,2026-01-23
TRD-27947183-2669,7,7,2850.07,603.28,GBP,BUY,2026-01-31
OTC-65880113-7083,12,5,4519634.02,103.1054,GBP,SELL,2026-06-20
FXT-49319220-8399,4,8,4454.98,313.53,USD,SELL,2026-05-25
SPT-12109438-6922,13,6,6139063.97,69.85307,USD,SELL,2026-01-24
TRD-68899524-5599,8,4,6476.46,572.34,GBP,SELL,2026-05-15
FXT-39017499-7671,7,2,9072.17,384.7,GBP,BUY,2026-02-02
OTC-33373708-8570,7,5,5685.79,443.04,GBP,BUY,2026-05-12
FXT-68538495-6961,7,2,4647.1,577.65,GBP,SELL,2026-04-01
OTC-78593591-1339,13,9,163670.67,118.66423,USD,SELL,2026-02-15
EQT-52741841-0741,2,7,8767.68,241.63,EUR,SELL,2026-06-21
DER-83726413-4342,6,3,2111.47,67.19,USD,SELL,2026-06-22
FXT-58223505-8755,1,1,3949.94,15.58,EUR,SELL,2026-04-28
SPT-88277293-9861,12,8,1520971.91,109.394,GBP,SELL,2026-06-26
SPT-40621889-1435,3,3,139.75,93.97,EUR,BUY,2026-06-28
FIX-03599088-3428,8,3,6497.75,351.45,GBP,BUY,2026-01-23
OTC-62199925-2427,8,7,219.15,137.05,GBP,BUY,2026-06-29
DER-65101884-7724,1,8,5852.68,165.06,EUR,SELL,2026-01-14
SWP-01056868-1682,11,7,4897639.82,110.4585,USD,SELL,2026-01-10
DER-53644191-7964,9,10,7246.42,748.55,CAD,SELL,2026-03-01
TRD-70908408-0311,7,10,3159.19,55.49,GBP,SELL,2026-05-02
FXT-66409428-5681,8,7,209.05,233.97,GBP,BUY,2026-05-01
SWP-58802221-3802,9,4,5877.0,549.55,CAD,SELL,2026-02-03
OTC-97038746-6395,7,6,7959.93,640.81,GBP,BUY,2026-06-09
FIX-37910765-1412,11,8,654191.8,90.9845,USD,SELL,2026-01-26
SPT-66266658-4975,4,4,5568.75,799.41,USD,SELL,2026-03-08
SWP-90855719-2598,3,9,320.67,55.61,EUR,SELL,2026-01-30
FIX-16198473-9207,4,8,2578.96,275.56,USD,SELL,2026-01-12
OTC-20290817-8444,10,2,3534960.54,112.799,EUR,SELL,2026-04-28
FXT-14212564-9988,13,2,8236278.67,7.38573,USD,BUY,2026-02-12
FXT-27566472-5925,3,5,7081.93,610.76,EUR,SELL,2026-01-26
EQT-86851348-5959,6,3,1230.71,165.5,USD,SELL,2026-01-02
FIX-63574016-5592,5,9,1713.45,216.48,USD,SELL,2026-04-03
FIX-20348912-8677,7,4,1380.81,345.91,GBP,SELL,2026-04-28
SWP-03994712-7251,3,1,7176.54,416.29,EUR,BUY,2026-01-22
SWP-42252354-6580,13,3,4341288.72,63.34732,USD,BUY,2026-06-19
EQT-77115770-0947,11,9,4863579.12,97.5792,USD,SELL,2026-03-22
SWP-01060619-4583,15,9,6104400.23,24.09509,USD,SELL,2026-04-25
FIX-73071525-7244,12,6,4439497.73,108.4469,GBP,SELL,2026-02-20
OTC-11311994-0605,9,6,3900.55,576.51,CAD,BUY,2026-05-14
OTC-28686961-1520,9,9,3123.21,275.86,CAD,BUY,2026-01-06
TRD-72468532-9707,5,4,8322.46,246.63,USD,SELL,2026-05-10
FXT-98245520-0982,14,6,2598304.82,81.54465,JPY,BUY,2026-01-13
FXT-60228445-4881,10,1,2271204.33,114.4885,EUR,BUY,2026-03-31
OTC-38189707-9384,11,3,3574611.38,100.59,USD,BUY,2026-01-27
SWP-69316990-9541,4,6,4543.64,121.51,USD,SELL,2026-04-16
FXT-12381399-1018,7,3,4763.05,359.7,GBP,SELL,2026-06-23
SPT-78952163-9158,9,7,8720.28,469.52,CAD,SELL,2026-04-23
DER-98209387-6830,14,3,1444317.47,20.95085,JPY,SELL,2026-02-03
FXT-93210280-3483,8,8,327.04,129.69,GBP,SELL,2026-01-31
SPT-14809069-1980,6,10,2896.62,420.61,USD,BUY,2026-04-06
OTC-50259138-4968,5,8,280.75,118.58,USD,SELL,2026-01-13
OTC-38048350-3532,3,8,21.86,440.29,EUR,BUY,2026-01-12
SPT-64582407-9389,5,10,4524.29,273.57,USD,SELL,2026-05-02
EQT-18592146-8270,11,8,3810777.12,105.0166,USD,BUY,2026-03-25
FXT-83855267-6711,7,4,9002.54,274.5,GBP,BUY,2026-06-21
DER-98772543-4544,11,2,4331108.33,106.2163,USD,SELL,2026-05-24
FXT-86424699-9164,2,4,9551.73,435.76,EUR,BUY,2026-05-26
FIX-63865585-8235,15,1,1203711.48,149.83376,USD,BUY,2026-01-05
OTC-27622679-4018,14,10,4442850.46,129.24252,JPY,SELL,2026-04-13
TRD-65964394-0381,6,7,1805.9,24.13,USD,SELL,2026-04-08
OTC-12217180-1878,2,9,1682.39,119.51,EUR,SELL,2026-01-23
EQT-41177222-6672,11,3,303979.54,113.8337,USD,BUY,2026-01-07
TRD-40000149-6388,2,6,1425.46,714.94,EUR,SELL,2026-04-07
FXT-06962963-3318,4,10,5860.7,396.92,USD,SELL,2026-01-30
OTC-08137886-5215,8,9,4071.36,389.92,GBP,SELL,2026-06-12
FIX-02499514-4409,9,10,6751.3,200.82,CAD,BUY,2026-03-19
SPT-59858725-1374,14,9,2035365.61,154.8883,JPY,SELL,2026-05-19
EQT-32905017-8806,7,9,4517.97,5.8,GBP,SELL,2026-06-08
OTC-87652074-2742,1,1,9335.13,388.34,EUR,SELL,2026-06-24
SPT-47166514-3485,10,9,1413743.33,89.8425,EUR,BUY,2026-03-18
FXT-53056925-2014,14,3,7251012.74,159.81223,JPY,SELL,2026-02-23
SWP-91550045-5613,11,5,4898405.34,106.2326,USD,SELL,2026-03-04
SWP-45852776-3450,8,10,3285.24,731.64,GBP,BUY,2026-06-15
TRD-81709974-7807,1,1,6727.39,333.46,EUR,SELL,2026-04-11
FXT-87120361-1270,9,1,8925.83,653.76,CAD,SELL,2026-06-22
FXT-47378150-6166,14,10,3580299.44,28.92583,JPY,BUY,2026-02-01
DER-49725069-3161,8,1,2215.99,20.73,GBP,SELL,2026-06-24
SWP-25704262-1474,14,10,6252740.35,129.48043,JPY,BUY,2026-03-01
DER-48720925-0602,5,8,9045.17,567.04,USD,BUY,2026-01-02
FIX-85689443-6489,2,5,5691.45,397.74,EUR,BUY,2026-06-18
EQT-08772554-9636,3,2,1275.18,747.18,EUR,BUY,2026-05-14
OTC-25749878-0378,12,9,3076138.19,105.4204,GBP,SELL,2026-01-01
SPT-86029038-0849,14,6,4326049.17,159.22046,JPY,SELL,2026-02-01
DER-66514912-5922,9,1,8838.14,183.52,CAD,SELL,2026-04-18
DER-42445278-0084,7,4,3347.72,704.68,GBP,BUY,2026-02-27
SPT-09991216-4095,4,3,3292.92,54.96,USD,BUY,2026-01-08
DER-57975205-0393,10,6,4204132.84,92.4146,EUR,SELL,2026-03-03
SWP-07305854-5465,9,4,9435.53,621.72,CAD,SELL,2026-01-25
DER-77703269-2045,2,1,9167.23,305.03,EUR,BUY,2026-02-02
TRD-59313284-0897,5,10,6262.23,57.3,USD,BUY,2026-05-24
TRD-39583058-6249,7,2,6173.4,331.83,GBP,BUY,2026-04-27
SPT-62305089-7014,15,10,6192686.31,54.8009,USD,BUY,2026-04-27
SWP-78894973-3153,2,2,123.87,572.07,EUR,BUY,2026-05-27
EQT-85545512-8337,5,6,4210.65,581.08,USD,SELL,2026-02-17
FIX-18478117-0722,1,3,3117.36,351.5,EUR,SELL,2026-03-21
EQT-19784909-7692,5,10,3429.66,298.22,USD,BUY,2026-05-13
EQT-07693044-3889,9,9,8587.16,340.54,CAD,BUY,2026-02-21
FIX-09180999-5595,4,8,6948.12,785.63,USD,SELL,2026-05-29
SWP-82691963-4909,7,6,1623.64,366.17,GBP,BUY,2026-05-07
FIX-00496212-3654,12,4,2338018.42,91.3942,GBP,SELL,2026-03-26
SPT-27557095-6558,3,1,3628.81,63.62,EUR,BUY,2026-05-23
FXT-19112869-4760,8,4,6313.71,730.6,GBP,SELL,2026-01-12
TRD-26725819-3241,5,3,2190.23,213.29,USD,BUY,2026-03-28
FIX-23963425-3211,1,3,8428.97,728.97,EUR,BUY,2026-06-23
EQT-50858151-1818,6,4,3051.42,195.92,USD,SELL,2026-06-19
EQT-70722909-7106,15,2,1185814.7,141.31779,USD,BUY,2026-02-18
FIX-71478283-6196,12,6,1596578.53,97.8862,GBP,BUY,2026-01-12
FIX-71869344-4819,13,3,3277478.36,9.18415,USD,SELL,2026-02-02
DER-28083391-1333,13,8,7910181.2,98.65141,USD,BUY,2026-05-11
SPT-86580039-8342,6,8,5189.4,147.3,USD,SELL,2026-05-15
DER-96052899-8106,8,5,5812.29,512.29,GBP,BUY,2026-02-23
FIX-27246265-7406,14,4,3959603.85,49.44565,JPY,SELL,2026-05-27
EQT-50211839-4170,9,2,1344.17,71.8,CAD,SELL,2026-05-13
SWP-30893911-9567,1,8,5123.11,272.42,EUR,SELL,2026-04-30
SPT-54888712-6021,13,8,3170887.24,61.61169,USD,BUY,2026-04-24
FIX-35651567-1243,6,2,2945.88,403.9,USD,BUY,2026-03-12
FIX-13208247-1942,2,6,383.78,164.24,EUR,BUY,2026-06-22
SWP-33557605-4959,12,5,961305.76,103.121,GBP,BUY,2026-05-20
